episode,platform,opening_line,duration_seconds,published_at,measurement_age_hours,views,stayed_to_watch_percent,average_view_duration_seconds,average_percentage_viewed,shares,follows,shares_per_1000_views,follows_per_1000_views,notes
Options,YouTube Shorts,Open the door. It's urgent.,15,,,,,,,,,,,
Options,Instagram Reels,Open the door. It's urgent.,15,,,,,,,,,,,
Options,TikTok,Open the door. It's urgent.,15,,,,,,,,,,,
Bowl,,,,,,,,,,,,,,
Braincell,,,,,,,,,,,,,,
Mirror,,,,,,,,,,,,,,
Sunbeam,,,,,,,,,,,,,,
Keyboard,,,,,,,,,,,,,,
Water,,,,,,,,,,,,,,
